Category,Program,Publisher
ELA Foundational Skills,Express Readers' Foundational Reading Program,Express Readers
ELA Foundational Skills,Jolly Phonics,Jolly Learning
ELA Foundational Skills,Pathways to Reading,"Pathways to Reading, Inc."
ELA Foundational Skills,Puzzle Piece Phonics,Puzzle Piece Phonics
ELA Foundational Skills,"The Fountas & Pinnell Phonics, Spelling, and Word Study System",Heinemann
ELA Foundational Skills,Wilson Fundations,Wilson Language Training
ELA K-2,American Reading Company Core,American Reading Company
ELA K-2,Benchmark Advance,Benchmark Education Company
ELA K-2,Bookworms,Comprehensive Reading Solutions
ELA K-2,Calvert Education Curriculum,Calvert Learning
ELA K-2,Collaborative Literacy,Center for the Collaborative Classroom
ELA K-2,Core Knowledge Language Arts,Amplify
ELA K-2,EL Education K-5 Language Arts,Open Up Resources
ELA K-2,Into Reading,Houghton Mifflin Harcourt
ELA K-2,Journeys,Houghton Mifflin Harcourt
ELA K-2,LearnZillion EL Education K-5 Language Arts,LearnZillion
ELA K-2,Literacy by Design,Houghton Mifflin Harcourt
ELA K-2,Reach for Reading,National Geographic Learning/Cengage Learning
ELA K-2,Reading Street Common Core,Savvas Learning Company (f/k/a Pearson)
ELA K-2,Reading Wonders,McGraw-Hill Education
ELA K-2,ReadyGEN,Savvas Learning Company (f/k/a Pearson)
ELA K-2,StoryTown,Houghton Mifflin Harcourt
ELA K-2,The Superkids Reading Program,Zaner-Bloser
ELA K-2,Wonders,McGraw-Hill Education
ELA K-2,myView Literacy,Savvas Learning Company (f/k/a Pearson)
ELA K-2 (No Foundational Skills),Fishtank ELA K-2,Match Fishtank
ELA K-2 (No Foundational Skills),Wit & Wisdom,Great Minds
ELA 3-8,Amplify ELA,Amplify
ELA 3-8,Collections,Houghton Mifflin Harcourt
ELA 3-8,Common Core Code X,Houghton Mifflin Harcourt
ELA 3-8,Developing Core Literacy Proficiencies,Odell Education
ELA 3-8,Engage NY,Engage NY
ELA 3-8,Expeditionary Learning,EL Education
ELA 3-8,Holt McDougal Literature,Houghton Mifflin Harcourt
ELA 3-8,Into Literature,Houghton Mifflin Harcourt
ELA 3-8,LearnZillion,LearnZillion
ELA 3-8,LearnZillion Guidebooks,LearnZillion
ELA 3-8,Literacy by Design,Houghton Mifflin Harcourt
ELA 3-8,Match Fishtank,Match Education
ELA 3-8,Mirrors & Windows: Connecting with Literature,EMC School Publishing
ELA 3-8,MyPerspectives,Savvas Learning Company (f/k/a Pearson)
ELA 3-8,Paths to College and Career,John Wiley & Sons
ELA 3-8,Reach for Reading,National Geographic Learning/Cengage Learning
ELA 3-8,Reading Street Common Core,Savvas Learning Company (f/k/a Pearson)
ELA 3-8,Reading Wonders,McGraw-Hill Education
ELA 3-8,ReadyGEN,Savvas Learning Company (f/k/a Pearson)
ELA 3-8,Spider Learning ELA ,"Spider Learning, Inc."
ELA 3-8,Springboard,College Board
ELA 3-8,Springboard English Language Arts Common Core Edition,College Board
ELA 3-8,StoryTown,Houghton Mifflin Harcourt
ELA 3-8,StudySync,McGraw-Hill Education
ELA 3-8,StudySync ELA,McGraw-Hill Education
ELA 3-8,Wit & Wisdom,Great Minds
ELA 3-8,Wonders,McGraw-Hill Education
ELA 3-8,myView Literacy,Savvas Learning Company (f/k/a Pearson)
Math K-8,Agile Mind Middle School Mathematics,Agile Mind
Math K-8,Big Ideas Math,"Big Ideas Learning, LLC"
Math K-8,Big Ideas Math: Modeling Real Life,"Big Ideas Learning, LLC"
Math K-8,Bridges In Mathematics,The Math Learning Center
Math K-8,CK-12 Interactive Middle School Math for CCSS,CK12
Math K-8,Carnegie Learning Math,Carnegie Learning
Math K-8,Carnegie Learning Math Series,Carnegie Learning
Math K-8,Carnegie Learning Math Solution,Carnegie Learning
Math K-8,Common Core Coach,"School Specialty, Inc."
Math K-8,Connected Mathematics Project 3,Savvas Learning Company (f/k/a Pearson)
Math K-8,Connecting Math Concepts - Elementary,McGraw-Hill Education
Math K-8,Core Connections,CPM Educational Program (CPM)
Math K-8,"Creative Core Curriculum for Mathematics with STEM, Literacy and Art","TPS Publishing, Inc."
Math K-8,Digits,Savvas Learning Company (f/k/a Pearson)
Math K-8,EdGems Math,EdGems Math LLC
Math K-8,Edgenuity,"Edgenuity, Inc."
Math K-8,enVision,Savvas Learning Company (f/k/a Pearson)
Math K-8,Eureka Math,Great Minds
Math K-8,Everyday Math 4,McGraw-Hill Education
Math K-8,FuelEd Florida Summit Math,Fuel Education
Math K-8,Glencoe Math,McGraw-Hill Education
Math K-8,Go Math,Houghton Mifflin Harcourt
Math K-8,HMH Into Math,Houghton Mifflin Harcourt
Math K-8,Holt McDougal Mathematics,Houghton Mifflin Harcourt
Math K-8,Into Math Florida,Houghton Mifflin Harcourt
Math K-8,"Investigations in Number, Data, and Space",Savvas Learning Company (f/k/a Pearson)
Math K-8,JUMP Math,JUMP Math
Math K-8,Japan Math,Japan Math Corp.
Math K-8,Kendall Hunt's Illustrative Mathematics 6-8 Math,Kendall Hunt Publishing Company
Math K-8,LearnZillion Illustrative Mathematics 6-8 Math,LearnZillion
Math K-8,Match Fishtank Mathematics,Match Education
Math K-8,Math Expressions,Houghton Mifflin Harcourt
Math K-8,Math Innovations,Kendall Hunt Publishing Company
Math K-8,Math Links,Center for Math and Teaching
Math K-8,Math Techbook,Discovery Education
Math K-8,Math Trailblazers,Kendall Hunt Publishing Company
Math K-8,Math in Focus,Houghton Mifflin Harcourt
Math K-8,McGraw-Hill Illustrative Mathematics 6-8 Math,McGraw-Hill Education
Math K-8,My Math,McGraw-Hill Education
Math K-8,My Math Florida,McGraw-Hill Education
Math K-8,ORIGO Stepping Stones 2.0,ORIGO Education
Math K-8,Open Up Resources 6-8 Math,Open Up Resources
Math K-8,Prentice Hall Mathematics,Savvas Learning Company (f/k/a Pearson)
Math K-8,Ready,Curriculum Associates
Math K-8,Ready Classroom Mathematics,Curriculum Associates
Math K-8,Reveal Math,McGraw-Hill Education
Math K-8,Saxon Math,Houghton Mifflin Harcourt
Math K-8,Singapore Math: Dimensions Math,Star Publishing Pte Ltd
Math K-8,Spider Learning Mathematics,"Spider Learning, Inc."
Math K-8,SpringBoard Middle,College Board
Math K-8,"Stepping Stones, First Edition",ORIGO Education
Math K-8,The Utah Middle School Math Project,University of Utah Middle School Math Project
Math K-8,Zearn,Zearn
Math K-8,enVision Florida Mathematics,Savvas Learning Company (f/k/a Pearson)
Math K-8,enVision Mathematics Common Core,Savvas Learning Company (f/k/a Pearson)
Math K-8,enVisionMATH California Common Core,Savvas Learning Company (f/k/a Pearson)
ELA HS,Developing Core Literacy Proficiencies,Odell Education
ELA HS,Foundations of Language and Literature; Advanced Language and Literature,"Bedford, Freeman, & Worth High School Publishers"
ELA HS,Holt McDougal Literature,Houghton Mifflin Harcourt
ELA HS,Into Literature,Houghton Mifflin Harcourt
ELA HS,Mirrors & Windows: Connecting with Literature,EMC School Publishing
ELA HS,MyPerspectives,Savvas Learning Company (f/k/a Pearson)
ELA HS,Paths to College and Career English Language Arts 9-12,John Wiley & Sons
ELA HS,Pearson Literature,Savvas Learning Company (f/k/a Pearson)
ELA HS,StudySync,McGraw-Hill Education
ELA HS,StudySync ELA,McGraw-Hill Education
Math HS,"AMSCO Math: Algebra 1, Geometry, Algebra 2",Perfection Learning
Math HS,Agile Mind,Agile Mind
Math HS,Agile Mind Integrated Mathematics,Agile Mind
Math HS,Big Ideas Integrated,"Big Ideas Learning, LLC"
Math HS,"Big Ideas Math: A Common Core Curriculum - Algebra 1, Geometry, Algebra 2","Big Ideas Learning, LLC"
Math HS,CCSS Mathematics Integrated Pathway,Walch Education
Math HS,CME Traditional,Savvas Learning Company (f/k/a Pearson)
Math HS,CORD: Learning in Context,CORD Communications
Math HS,CPM,CPM Educational Program (CPM)
Math HS,CPM Integrated,CPM Educational Program (CPM)
Math HS,CPM Traditional,CPM Educational Program (CPM)
Math HS,Carnegie,Carnegie Learning
Math HS,Carnegie Integrated,Carnegie Learning
Math HS,Carnegie Learning Math Solution Integrated,Carnegie Learning
Math HS,Carnegie Learning Math Solution Traditional,Carnegie Learning
Math HS,Carnegie Traditional,Carnegie Learning
Math HS,Core-Plus Mathematics,McGraw-Hill Education
Math HS,"Discovering Mathematics: Algebra, Geometry, Advanced Algebra",Kendall Hunt Publishing Company
Math HS,Eureka Math,Great Minds
Math HS,FuelEd Florida Summit Math,Fuel Education
Math HS,Glencoe,McGraw-Hill Education
Math HS,"Glencoe Algebra 1, Geometry, Algebra 2",McGraw-Hill Education
Math HS,Glencoe Traditional,McGraw-Hill Education
Math HS,HMH,Houghton Mifflin Harcourt
Math HS,HMH Integrated,Houghton Mifflin Harcourt
Math HS,HMH Into AGA,Houghton Mifflin Harcourt
Math HS,HMH Traditional,Houghton Mifflin Harcourt
Math HS,Holt McDougal Larson Traditional Series,Houghton Mifflin Harcourt
Math HS,Interactive Mathematics Program - Integrated,Activate Learning
Math HS,Kendall Hunt's Illustrative Mathematics Traditional,Kendall Hunt Publishing Company
Math HS,LearnZillion Illustrative Mathematics Traditional,LearnZillion
Math HS,Math Techbook,Discovery Education
Math HS,"Math Techbook Integrated Math I, II, and III",Discovery Education
Math HS,Math Techbook Traditional Series,Discovery Education
Math HS,Mathematics Vision Project,Mathematics Vision Project
Math HS,Mathematics Vision Project Integrated,Mathematics Vision Project
Math HS,Mathematics Vision Project Traditional,Mathematics Vision Project
Math HS,"Meaningful Math Algebra 1, Geometry, Algebra 2 Traditional",Activate Learning
Math HS,Pearson Integrated,Savvas Learning Company (f/k/a Pearson)
Math HS,Pearson Traditional,Savvas Learning Company (f/k/a Pearson)
Math HS,Reveal Math,McGraw-Hill Education
Math HS,Reveal Math Integrated,McGraw-Hill Education
Math HS,Reveal Math Traditional,McGraw-Hill Education
Math HS,"Saxon Algebra I, Geometry, Algebra II",Houghton Mifflin Harcourt
Math HS,SpringBoard Integrated,College Board
Math HS,SpringBoard Traditional,College Board
Math HS,"Walch Traditional, Florida Edition",Walch Education
Math HS,eMathInstruction Common Core for High School Mathematics,eMath Instruction Inc.
Science K-5,Amplify Science,Amplify
Science 6-8,Bring Science Alive!,Teachers' Curriculum Institute
Science 6-8,Bring Science Alive! Discipline Program,Teachers' Curriculum Institute
Science 6-8,Bring Science Alive! Integrated Program,Teachers' Curriculum Institute
Science 6-8,Discovery Science Techbook for California NGSS Middle School,Discovery Education
Science 6-8,FOSS Next Generation,"School Specialty, Inc./Delta Education"
Science 6-8,HMH Science Dimensions® Grades 6-8,Houghton Mifflin Harcourt
Science 6-8,IQWST Integrated Edition,Activate Learning
Science 6-8,Issues and Science,SEPUP/Lab-Aids
Science 6-8,STEMscopes NGSS 3D 6-8,Accelerate Learning
Science 6-8,Science and Technology Concepts™ Middle School,Carolina Biological Supply Company
Science 6-8,SmartNGSS,Newton Learning